{
    "elapsed_time": 2513.134698269001,
    "num_requests": 500,
    "total_num_tokens": 361361,
    "requests_per_second": 0.19895471593480063,
    "tokens_per_second": 143.78895020983097
}